indice_tiempo,total,colectivo,lancha,subte,tren
2020-01-01,966457,907421,40,72180,112267
2020-01-02,3879833,3564004,94,511136,719721
2020-01-03,4213711,3886005,106,536129,779512
2020-01-04,2899714,2728108,129,232491,461000
2020-01-05,1785016,1687791,94,127770,203694
2020-01-06,4160267,3817677,111,543433,772203
2020-01-07,4195485,3855716,61,553337,774509
2020-01-08,4113127,3775151,80,546992,776612
2020-01-09,4114983,3777667,93,551974,771768
2020-01-10,4261741,3930629,122,551782,802904
2020-01-11,2872425,2709650,100,233528,442738
2020-01-12,1770824,1673993,86,128084,212369
2020-01-13,4110363,3776600,103,537425,767740
2020-01-14,3850434,3533051,82,519193,711038
2020-01-15,3845908,3538310,61,517225,662890
2020-01-16,4217823,3873449,91,561236,794638
2020-01-17,4316121,3983349,124,541901,813476
2020-01-18,2924307,2764358,111,197352,477500
2020-01-19,1779502,1692829,101,101496,210334
2020-01-20,3905584,3627245,86,428750,701578
2020-01-21,3878022,3593730,83,433795,700158
2020-01-22,4158654,3860207,88,452305,761511
2020-01-23,4105439,3809202,77,450568,755454
2020-01-24,4135504,3850127,148,440591,760993
2020-01-25,2753728,2611274,103,179852,430063
2020-01-26,1756922,1672106,87,103512,204393
2020-01-27,4082282,3780704,130,442972,760135
2020-01-28,4107574,3804753,75,454479,757307
2020-01-29,4010658,3713725,70,450519,736072
2020-01-30,4172817,3864487,80,465182,771686
2020-01-31,4260828,3957585,116,459544,794295
2020-02-01,2884952,2730780,132,196308,448703
2020-02-02,1769901,1689187,101,103537,189004
2020-02-03,4087548,3755922,125,531629,770349
2020-02-04,4150339,3818458,91,541188,764181
2020-02-05,4204514,3872049,70,551184,773229
2020-02-06,4203953,3873499,84,551675,772649
2020-02-07,4140416,3822596,110,541845,759924
2020-02-08,3016860,2843323,90,248893,470387
2020-02-09,1878720,1774715,84,139777,223128
2020-02-10,4433573,4079339,108,572371,831453
2020-02-11,4266502,3854815,66,613573,833467
2020-02-12,4565999,4205077,90,607412,847829
2020-02-13,4564081,4206786,84,594862,839014
2020-02-14,4658297,4313336,129,587572,852221
2020-02-15,3001841,2822939,112,249134,489200
2020-02-16,1761686,1665058,87,129724,207789
2020-02-17,4264948,3925731,86,562555,764982
2020-02-18,4628208,4275921,92,590904,834700
2020-02-19,4719946,4350865,95,615562,860390
2020-02-20,4673857,4311123,78,602950,842070
2020-02-21,4743639,4383472,139,597057,868976
2020-02-22,3046780,2867067,130,244534,484308
2020-02-23,1898293,1793812,116,140582,220437
2020-02-24,2015214,1893829,76,160708,282205
2020-02-25,1982041,1866212,88,146881,267647
2020-02-26,4763511,4391384,105,603603,863093
2020-02-27,4741243,4364882,84,618367,858937
2020-02-28,4862105,4493789,117,625069,881260
2020-02-29,3176953,2987396,119,267587,494327
2020-03-01,1868686,1767301,97,138446,204026
2020-03-02,4907937,4542037,82,600301,829064
2020-03-03,4996561,4625618,95,620704,835216
2020-03-04,5063067,4685470,93,631391,854925
2020-03-05,5173759,4793168,81,648779,875572
2020-03-06,5284640,4918258,127,642675,887581
2020-03-07,3315847,3117137,145,286495,531479
2020-03-08,1898173,1826835,103,146363,38214
2020-03-09,5153881,4743019,99,706371,901771
2020-03-10,5408124,5015077,0,668245,880883
2020-03-11,4641071,4310748,0,597087,718738
2020-03-12,5511223,5135481,10,641434,867412
2020-03-13,5453210,5095787,109,608112,878278
2020-03-14,2411919,2282375,56,190204,335552
2020-03-15,1552768,1481114,54,96872,160013
2020-03-16,3480207,3251634,72,358404,597606
2020-03-17,2771327,2606033,42,264685,458790
2020-03-18,2466550,2337666,41,203162,366944
2020-03-19,2229778,2168288,50,105581,235118
2020-03-20,921667,903761,22,20358,69314
2020-03-21,556020,547084,11,9359,35957
2020-03-22,275884,271418,3,5072,17221
2020-03-23,348255,342585,4,5676,23024
2020-03-24,315631,310667,5,4848,18542
2020-03-25,583653,571206,9,15573,47071
2020-03-26,581123,569120,8,15037,46084
2020-03-27,797129,783386,14,15099,52959
2020-03-28,524199,515902,5,7994,29120
2020-03-29,278753,274957,3,4288,14189
2020-03-30,621448,609900,17,13556,41815
2020-03-31,433522,427314,10,6202,23011
2020-04-01,713369,700881,15,15876,45990
2020-04-02,730930,718386,10,15549,44482
2020-04-03,965366,950693,17,17530,51507
2020-04-04,690946,682066,2,9523,31176
2020-04-05,384177,379432,5,5215,16186
2020-04-06,885714,869977,15,18656,55060
2020-04-07,902035,886667,14,18318,53128
2020-04-08,935872,919885,19,19189,55127
2020-04-09,759452,747267,10,14246,44184
2020-04-10,448026,441709,4,7089,22191
2020-04-11,583944,575617,11,9277,29787
2020-04-12,335012,330439,5,5262,15198
2020-04-13,947545,927613,12,22842,72455
2020-04-14,977203,957761,16,21926,68095
2020-04-15,1012783,991731,10,23524,71875
2020-04-16,949592,928875,11,24008,70527
2020-04-17,989700,967697,14,25236,75882
2020-04-18,655767,644779,6,11785,39771
2020-04-19,345300,340219,3,6085,17392
2020-04-20,1029844,1006545,10,26779,78691
2020-04-21,1018106,995457,11,26606,75366
2020-04-22,1061061,1036957,9,28030,80518
2020-04-23,1059586,1036411,10,27742,78647
2020-04-24,1048705,1025423,9,29232,79217
2020-04-25,615188,604536,6,12988,38101
2020-04-26,364240,358645,3,6418,18556
2020-04-27,1038539,1013841,11,30977,84194
2020-04-28,846452,829007,7,26360,62515
2020-04-29,1178386,1151930,13,32570,87238
2020-04-30,1197687,1169655,26,34980,90980
2020-05-01,439912,431738,9,8582,27234
2020-05-02,753660,739806,12,14270,46753
2020-05-03,391015,384576,10,6925,20137
2020-05-04,1146449,1118884,9,34345,91577
2020-05-05,1177958,1150669,12,33581,88928
2020-05-06,1241706,1212623,21,35374,93671
2020-05-07,1265530,1235740,14,35748,95434
2020-05-08,1376873,1345600,20,37764,102875
2020-05-09,886799,870276,14,16630,55016
2020-05-10,447814,440453,6,7889,22468
2020-05-11,1301078,1268231,14,38379,110023
2020-05-12,1209358,1176829,19,38343,106318
2020-05-13,1266614,1232946,0,39612,110252
2020-05-14,1288688,1255468,11,40211,106392
2020-05-15,1372768,1337893,22,41302,116524
2020-05-16,890943,872102,8,18154,64476
2020-05-17,445043,437019,8,8379,24752
2020-05-18,1321306,1285239,20,42052,118097
2020-05-19,1320399,1285579,15,40875,113912
2020-05-20,1304863,1270291,20,41569,113398
2020-05-21,1237915,1206031,15,40617,105167
2020-05-22,1317832,1283782,14,42341,114028
2020-05-23,900581,881250,17,18674,66009
2020-05-24,430447,422706,9,8349,23630
2020-05-25,414525,401847,2,9927,31631
2020-05-26,1244962,1211987,20,38122,107003
2020-05-27,1253981,1221266,20,38140,105940
2020-05-28,1273167,1240254,14,38834,105791
2020-05-29,1343802,1310187,17,39472,109835
2020-05-30,824761,808744,13,15173,53747
2020-05-31,406903,400009,4,7624,20769
2020-06-01,1240447,1208569,9,37033,104905
2020-06-02,1253644,1221293,8,37410,104297
2020-06-03,1270722,1237599,12,38283,108200
2020-06-04,1284712,1251965,13,38333,106375
2020-06-05,1400727,1366357,15,40823,115941
2020-06-06,924042,906256,8,17632,60141
2020-06-07,462641,454318,2,8297,28513
2020-06-08,1381495,1346568,15,41291,116751
2020-06-09,1404024,1369296,16,40730,114315
2020-06-10,1435317,1399826,11,41223,115422
2020-06-11,1450690,1414445,9,42725,118019
2020-06-12,1518974,1481903,11,43412,124140
2020-06-13,991265,972067,7,19182,65059
2020-06-14,472990,465099,3,8446,24685
2020-06-15,645429,632241,7,12586,43963
2020-06-16,1480047,1443349,14,42700,123467
2020-06-17,1379162,1344626,15,40806,114411
2020-06-18,1340076,1307062,12,40117,110201
2020-06-19,1376886,1343941,13,37357,111105
2020-06-20,819440,803745,10,13624,53153
2020-06-21,436048,428624,4,8031,22915
2020-06-22,1217873,1187807,14,36187,99744
2020-06-23,1217666,1188675,10,36135,97669
2020-06-24,1272468,1241475,14,36732,103568
2020-06-25,1303043,1271853,12,37331,101663
2020-06-26,1357071,1325913,18,37714,103968
2020-06-27,896769,878883,5,17348,60844
2020-06-28,433563,425295,7,8203,27007
2020-06-29,1232507,1201687,12,35181,102429
2020-06-30,1141866,1114682,10,35410,94747
2020-07-01,979189,954473,11,27694,84886
2020-07-02,876775,850696,7,29301,92779
2020-07-03,1020062,992215,6,31474,100365
2020-07-04,670151,656150,5,14750,49522
2020-07-05,345763,338695,3,7396,24787
2020-07-06,1011775,982647,14,32704,104493
2020-07-07,1012525,984058,7,32817,103476
2020-07-08,1119067,1088705,13,34032,112400
2020-07-09,553766,542088,4,11404,42859
2020-07-10,657384,644300,7,13049,46865
2020-07-11,746832,732619,11,15030,51653
2020-07-12,386318,379211,4,7653,23802
2020-07-13,1165653,1135057,12,34305,114805
2020-07-14,1155221,1125334,11,33185,112957
2020-07-15,1188579,1158063,15,34385,113345
2020-07-16,1149444,1120536,5,33684,105770
2020-07-17,1310210,1278006,4,35742,123340
2020-07-18,847327,830490,10,16488,64211
2020-07-19,440564,432942,3,8457,25198
2020-07-20,1279891,1246131,13,37091,127018
2020-07-21,1225422,1192703,4,36544,122419
2020-07-22,1196857,1163323,18,37292,125183
2020-07-23,1171337,1140232,16,36795,117808
2020-07-24,1278682,1244608,10,39369,127837
2020-07-25,881999,866209,10,17959,57244
2020-07-26,438081,430031,5,8603,27251
2020-07-27,1275375,1239612,9,39145,132654
2020-07-28,1257501,1223508,9,38561,122098
2020-07-29,1272451,1237826,10,39578,128974
2020-07-30,1265769,1230114,14,39712,131818
2020-07-31,1339824,1304207,20,41350,130070
2020-08-01,937556,917815,11,19802,70668
2020-08-02,455269,447018,9,8960,26624
2020-08-03,1326508,1291701,10,41573,127463
2020-08-04,1327494,1293764,5,41266,119478
2020-08-05,1392341,1357542,14,42397,123594
2020-08-06,1339187,1303524,0,42079,130512
2020-08-07,1364578,1329783,12,42959,134096
2020-08-08,980752,960158,10,20724,72092
2020-08-09,461998,453557,2,9107,26812
2020-08-10,1428710,1390041,12,43634,141583
2020-08-11,1428923,1390290,14,44657,142147
2020-08-12,1440533,1402709,7,44413,136552
2020-08-13,1445794,1408488,14,44744,134539
2020-08-14,1542924,1501612,11,46471,153523
2020-08-15,1100208,1076958,15,22151,81333
2020-08-16,506244,496713,2,10028,30035
2020-08-17,642786,628699,7,14105,47636
2020-08-18,1493784,1455276,13,39795,150650
2020-08-19,1451381,1412953,13,44039,142750
2020-08-20,1448992,1410643,12,45135,141301
2020-08-21,1560308,1520168,11,47224,147562
2020-08-22,1045393,1022427,17,22544,81326
2020-08-23,504266,494239,4,10241,32137
2020-08-24,1450857,1410100,14,46143,149006
2020-08-25,1374546,1336666,8,45819,136196
2020-08-26,1356074,1317626,12,45751,139556
2020-08-27,1463258,1421091,22,49463,152451
2020-08-28,1523557,1484619,5,47277,147566
2020-08-29,965858,945100,16,22389,75277
2020-08-30,510343,500206,4,11064,31991
2020-08-31,1449864,1408105,12,50798,152451
2020-09-01,1422697,1383676,12,49178,141399
2020-09-02,1176962,1147281,10,43705,112424
2020-09-03,1466691,1427567,11,52163,141710
2020-09-04,1492032,1440781,20,60130,165112
2020-09-05,1128668,1103723,19,26732,84142
2020-09-06,529186,519277,6,11844,29689
2020-09-07,1537797,1494277,10,51882,161135
2020-09-08,1554674,1510642,10,52106,161541
2020-09-09,1542829,1500081,8,52016,155384
2020-09-10,1558875,1515528,14,52526,155687
2020-09-11,1613989,1568004,19,53588,170834
2020-09-12,1119203,1092329,17,27303,92456
2020-09-13,554338,543082,14,12593,33595
2020-09-14,1559912,1515689,17,53340,161016
2020-09-15,1593310,1547687,15,54650,168015
2020-09-16,1611777,1564246,17,54490,172081
2020-09-17,1616981,1569140,23,57992,169010
2020-09-18,1722633,1674341,13,57867,172557
2020-09-19,1192695,1163714,17,29137,99069
2020-09-20,586925,574176,15,13434,37682
2020-09-21,1570552,1523574,12,54682,168541
2020-09-22,1622063,1574376,17,55992,171513
2020-09-23,1606797,1556718,22,57219,178109
2020-09-24,1634917,1585403,18,57388,178112
2020-09-25,1636523,1590109,25,58219,169411
2020-09-26,983280,962802,19,24689,69128
2020-09-27,549607,538172,13,12618,37150
2020-09-28,1593097,1544962,9,55228,177204
2020-09-29,1691290,1641216,15,59757,177561
2020-09-30,1706493,1656106,28,59602,181532
2020-10-01,1705245,1654048,15,61401,183084
2020-10-02,1509640,1437674,19,66649,193443
2020-10-03,1242120,1210821,9,32289,101254
2020-10-04,599041,586861,18,13529,37764
2020-10-05,1733439,1680927,12,61598,189478
2020-10-06,1800018,1745222,21,62763,198513
2020-10-07,1823361,1765645,18,66174,207020
2020-10-08,1858631,1800564,21,65240,210433
2020-10-09,1936826,1881502,15,67544,203124
2020-10-10,1391272,1357277,22,35825,117857
2020-10-11,665220,652030,15,15164,38102
2020-10-12,865757,844806,23,21603,66403
2020-10-13,1907843,1847731,16,68392,221827
2020-10-14,1909952,1849029,28,69885,219534
2020-10-15,1913101,1854147,21,67581,213347
2020-10-16,2053367,1990384,20,72962,229832
2020-10-17,1446622,1410512,18,38198,126475
2020-10-18,782728,767048,22,18418,47408
2020-10-19,1699597,1645194,21,64198,200463
2020-10-20,1648599,1601504,10,62136,175096
2020-10-21,1886774,1829134,18,70005,210409
2020-10-22,1650798,1602674,7,62339,177909
2020-10-23,1994545,1933146,27,76284,229548
2020-10-24,1412757,1378082,18,38703,120717
2020-10-25,590149,577926,7,14301,39587
2020-10-26,1919895,1858055,25,70709,225156
2020-10-27,1944740,1882134,9,73451,222973
2020-10-28,1893998,1832671,40,72305,221337
2020-10-29,1954692,1888309,20,79528,236235
2020-10-30,2067518,1999915,31,82038,240966
2020-10-31,1497801,1457944,28,42128,131463
2020-11-01,801920,784662,21,19605,49907
2020-11-02,1951468,1884318,23,74049,253694
2020-11-03,2010708,1939252,22,76885,268659
2020-11-04,2038469,1965193,26,79137,275819
2020-11-05,2120503,2046850,23,81868,276346
2020-11-06,2181824,2105664,33,84025,293793
2020-11-07,1597362,1551825,23,47741,157699
2020-11-08,856098,836019,26,22790,60350
2020-11-09,2083154,2007990,27,81733,292105
2020-11-10,2164220,2087332,20,84879,290744
2020-11-11,2172141,2092255,33,84219,302894
2020-11-12,2172386,2092082,24,86047,302808
2020-11-13,2292254,2211004,32,88014,316785
2020-11-14,1592528,1547141,23,47858,165225
2020-11-15,893734,872326,18,23315,66493
2020-11-16,2187024,2107636,37,84296,306623
2020-11-17,2195800,2112403,23,92144,313280
2020-11-18,2208737,2127122,27,87507,311333
2020-11-19,2259924,2174990,25,97256,317124
2020-11-20,2387593,2301958,38,96228,324940
2020-11-21,1739725,1688825,26,52618,178070
2020-11-22,950881,925859,26,25286,75343
2020-11-23,1062499,1032704,24,28690,100759
2020-11-24,2189782,2105750,41,92900,321784
2020-11-25,2070658,1995324,18,89460,282849
2020-11-26,2209598,2126074,38,96406,311986
2020-11-27,2353464,2264665,39,97804,338530
2020-11-28,1526591,1481800,26,48137,164680
2020-11-29,911166,887543,30,24753,69835
2020-11-30,2317467,2233412,31,87950,332516
2020-12-01,2375617,2286854,21,98360,335198
2020-12-02,2334426,2246607,26,99821,329568
2020-12-03,2441566,2346659,34,112710,343771
2020-12-04,2679478,2580478,48,118029,372320
2020-12-05,2000528,1938597,52,68275,214811
2020-12-06,1086219,1054397,31,32698,90733
2020-12-07,1350990,1307470,21,42361,144885
2020-12-08,1198165,1159530,30,35943,126997
2020-12-09,2598017,2496614,43,120632,372956
2020-12-10,2534285,2432382,33,126129,358132
2020-12-11,2654800,2556195,32,120500,364077
2020-12-12,1973679,1911780,34,68628,216392
2020-12-13,990639,964622,19,29319,77286
2020-12-14,2609420,2509929,46,114465,366513
2020-12-15,2624900,2527116,36,113578,357578
2020-12-16,2698542,2597001,33,121442,367975
2020-12-17,2688163,2587316,34,122889,362471
2020-12-18,2853299,2749102,42,132514,384335
2020-12-19,2137290,2071341,39,78866,231152
2020-12-20,1226118,1191620,33,37786,102134
2020-12-21,2878361,2768718,21,135265,402955
2020-12-22,2805707,2749436,20,120009,155615
2020-12-23,2945997,2836969,33,134575,402025
2020-12-24,1797872,1738546,20,61881,203024
2020-12-25,533238,515564,13,16906,45608
2020-12-26,1580199,1532114,37,54315,161452
2020-12-27,1010499,982876,17,30140,81639
2020-12-28,2477270,2382545,25,115113,343927
2020-12-29,2503224,2404774,29,127776,343125
2020-12-30,2546774,2455281,35,113431,336009
2020-12-31,1676533,1624205,28,55612,175857
2021-01-01,532493,516104,11,16309,39184
2021-01-02,1423768,1379921,29,48221,150129
2021-01-03,950651,923668,19,28609,81209
2021-01-04,2320853,2231855,37,103804,327566
2021-01-05,2380396,2290891,31,105293,326473
2021-01-06,2387562,2296761,25,106395,330482
2021-01-07,2418120,2327688,36,107921,329231
2021-01-08,2446878,2351166,35,108995,349793
2021-01-09,1747066,1692030,25,60466,189944
2021-01-10,979297,952282,19,29527,80366
2021-01-11,1922736,1853987,25,88265,257966
2021-01-12,2441268,2347085,33,109495,355117
2021-01-13,2474222,2380160,29,108080,349739
2021-01-14,2467147,2373583,22,107469,344417
2021-01-15,2408739,2320590,46,105089,338044
2021-01-16,1740004,1688037,14,57578,179230
2021-01-17,1061221,1030252,19,31937,90166
2021-01-18,2450101,2357450,28,105606,347036
2021-01-19,2426954,2334650,37,107376,341315
2021-01-20,2443639,2356531,35,107976,326193
2021-01-21,2435731,2345508,31,106952,330166
2021-01-22,2544705,2453356,38,110712,343803
2021-01-23,1805088,1750567,29,61034,188590
2021-01-24,1017292,989070,31,30072,86778
2021-01-25,2308458,2225781,38,96619,325790
2021-01-26,2315164,2228026,27,102947,324993
2021-01-27,2448060,2355981,28,108782,341290
2021-01-28,2392896,2303661,26,111758,329354
2021-01-29,2480396,2393381,32,110732,332618
2021-01-30,1574155,1528929,26,53872,156285
2021-01-31,962466,937081,13,28783,73846
2021-02-01,2301226,2217730,17,104095,313347
2021-02-02,2461188,2366135,25,114376,347321
2021-02-03,2529186,2442625,30,100165,352285
2021-02-04,2610353,2510305,38,119409,361450
2021-02-05,2729603,2630406,38,118151,379473
2021-02-06,1974400,1912028,28,69546,219005
2021-02-07,1121369,1088336,18,35324,100372
2021-02-08,2530452,2433065,38,114948,360378
2021-02-09,2619428,2517139,26,121445,371046
2021-02-10,2632056,2533025,17,124821,359769
2021-02-11,2641177,2539537,48,126729,362464
2021-02-12,2783063,2680149,39,128274,383996
2021-02-13,1930484,1869146,31,69775,212600
2021-02-14,1150771,1117401,22,38403,95997
2021-02-15,1300859,1257387,25,43615,141143
2021-02-16,1298538,1256754,28,41838,136550
2021-02-17,2857525,2747407,29,130657,396940
2021-02-18,2820272,2711822,25,136674,385746
2021-02-19,2936682,2828295,40,135214,388573
2021-02-20,2054406,1988914,21,75616,209865
2021-02-21,1173336,1137961,28,39522,94741
2021-02-22,2506114,2416306,31,117549,311834
2021-02-23,2862410,2751368,34,136470,390542
2021-02-24,2889895,2777401,35,136529,395151
2021-02-25,2866877,2754838,27,141828,388990
2021-02-26,2925436,2808522,47,141985,398851
2021-02-27,2101252,2031664,37,79238,226199
2021-02-28,1195133,1159443,32,39293,100750
2021-03-01,2904353,2795628,39,132720,385250
2021-03-02,2938223,2826098,28,138530,380938
2021-03-03,3016879,2899992,22,144779,403182
2021-03-04,3022694,2919211,32,117119,402417
2021-03-05,3258424,3137023,37,152573,435523
2021-03-06,2264804,2190350,42,84730,247446
2021-03-07,1282750,1242394,24,43668,116901
2021-03-08,3106774,2985619,32,159874,412811
2021-03-09,3202825,3077419,35,155526,423304
2021-03-10,3254154,3126838,24,159164,427987
2021-03-11,3233841,3107376,33,159008,422694
2021-03-12,3352837,3224605,16,163775,444348
2021-03-13,2262881,2186993,32,87266,253359
2021-03-14,1265784,1225773,36,45114,109631
2021-03-15,3200422,3074757,27,154583,428110
2021-03-16,3067440,2948455,28,153914,399556
2021-03-17,3122009,2998205,15,162339,417552
2021-03-18,3314644,3180509,32,180635,441611
2021-03-19,3437233,3306559,46,169312,448095
2021-03-20,1880270,1823417,15,74094,180108
2021-03-21,1301853,1260278,27,48116,109867
2021-03-22,3308099,3176811,39,162130,444361
2021-03-23,3389474,3255254,25,170010,451656
2021-03-24,1630851,1571926,27,68137,179101
2021-03-25,2615019,2517859,19,142238,318509
2021-03-26,3282974,3158246,46,168183,425038
2021-03-27,2102794,2031920,27,84475,226485
2021-03-28,1242716,1204027,23,44168,104248
2021-03-29,3280779,3154483,29,163031,430285
2021-03-30,3305073,3174017,37,163225,440322
2021-03-31,3372025,3238415,39,171796,453557
2021-04-01,2337931,2251168,46,93790,320916
2021-04-02,1331780,1283321,22,50609,137441
2021-04-03,2040345,1990617,28,36877,215394
2021-04-04,1226928,1193362,20,40102,96126
2021-04-05,3219254,3107864,44,152954,381220
2021-04-06,3242359,3120063,28,155103,419974
2021-04-07,3228075,3107671,34,151225,412641
2021-04-08,3142475,3023892,29,159902,402691
2021-04-09,2784401,2689529,9,128940,338295
2021-04-10,1698351,1651490,24,57150,164732
2021-04-11,982997,956416,12,32314,77825
2021-04-12,2993316,2890818,33,129744,358395
2021-04-13,2977000,2874261,32,131643,355283
2021-04-14,2937608,2837938,21,129922,351747
2021-04-15,2899795,2800110,22,130540,342426
2021-04-16,2897964,2797839,24,127509,349664
2021-04-17,1770710,1718148,33,56846,174864
2021-04-18,911523,887644,13,25578,68311
2021-04-19,2579361,2487900,16,112633,326991
2021-04-20,2646973,2552632,22,118767,329048
2021-04-21,2635244,2539020,23,119563,334089
2021-04-22,2619955,2525957,24,120143,323918
2021-04-23,2695055,2600188,33,122288,334360
2021-04-24,1707248,1657358,32,56485,165430
2021-04-25,948429,923097,20,26984,73017
2021-04-26,2595954,2501269,23,116907,327629
2021-04-27,2643744,2546239,26,122538,338157
2021-04-28,2668798,2570388,28,122121,340261
2021-04-29,2674864,2576603,26,122164,336404
2021-04-30,2771823,2671605,21,125153,353872
2021-05-01,1083467,1048745,18,31417,108049
2021-05-02,939012,913493,11,24717,75305
2021-05-03,2451278,2366355,21,104433,313590
2021-05-04,2578776,2488550,21,110115,323350
2021-05-05,2728063,2634009,18,112858,339922
2021-05-06,2704124,2610673,32,114347,334560
2021-05-07,2787445,2694083,31,116692,344578
2021-05-08,1921028,1862102,36,60517,199826
2021-05-09,972366,945499,18,26424,80377
2021-05-10,2730705,2636644,32,115701,340922
2021-05-11,2729387,2635858,2,116835,330675
2021-05-12,2779099,2681801,24,119159,343248
2021-05-13,2755820,2658824,33,119713,345804
2021-05-14,2868377,2777218,34,122491,330685
2021-05-15,1914475,1857069,30,61476,194195
2021-05-16,987996,960761,15,28053,78831
2021-05-17,2673344,2578398,30,116084,341191
2021-05-18,2707562,2612840,25,115645,343695
2021-05-19,2726941,2630009,21,117762,348026
2021-05-20,2684529,2588149,11,121499,343697
2021-05-21,2566031,2478892,33,122484,326848
2021-05-22,996901,972343,9,27558,96706
2021-05-23,546186,533379,2,13359,44471
2021-05-24,900874,874744,6,24101,94654
2021-05-25,724571,702725,7,19955,74424
2021-05-26,1867638,1799279,8,78433,258225
2021-05-27,1612363,1543411,13,78834,254947
2021-05-28,1708513,1636263,22,82871,271327
2021-05-29,1282359,1244217,13,37388,138253
2021-05-30,683425,664340,12,18056,60015
2021-05-31,2408305,2320693,20,107941,318732
2021-06-01,2458923,2368588,17,112817,328534
2021-06-02,2554589,2458660,18,117896,342707
2021-06-03,2566406,2469140,11,121739,343558
2021-06-04,2694171,2597706,19,123508,358109
2021-06-05,1541257,1497735,9,44378,155114
2021-06-06,835878,812962,2,24525,70581
2021-06-07,2660633,2563320,15,121130,355019
2021-06-08,2681610,2583001,11,123124,353427
2021-06-09,2645362,2549416,17,123008,347221
2021-06-10,2722152,2623004,24,127417,353021
2021-06-11,2847332,2744237,12,136250,381688
2021-06-12,1842851,1786190,15,58666,197391
2021-06-13,997582,968558,7,29303,82480
2021-06-14,2740994,2640633,15,127891,364333
2021-06-15,2765831,2663175,15,131354,363881
2021-06-16,2855986,2752566,16,130778,364680
2021-06-17,2867123,2763333,14,135405,363243
2021-06-18,3028382,2917617,21,156602,394648
2021-06-19,2075709,2014360,13,71459,205903
2021-06-20,1044166,1013711,13,32648,84845
2021-06-21,1129013,1094733,7,37664,108283
2021-06-22,3022557,2914270,24,137628,380941
2021-06-23,2937800,2832533,11,136750,369025
2021-06-24,2875701,2772791,17,138148,354480
2021-06-25,3143959,3031840,19,147392,398300
2021-06-26,1931262,1865243,16,74442,227139
2021-06-27,952712,926006,14,32237,73599
2021-06-28,2790511,2688074,22,135378,356742
2021-06-29,2887598,2784205,15,135790,359732
2021-06-30,2963637,2858027,14,138882,363319
2021-07-01,3006574,2897454,23,145154,373650
2021-07-02,3162147,3049771,23,153489,398997
2021-07-03,2200343,2127627,15,82661,242528
2021-07-04,1217393,1180189,8,40815,102670
2021-07-05,3167067,3054392,17,147657,395818
2021-07-06,3170099,3055149,20,152503,392768
2021-07-07,2924799,2818229,18,148374,369315
2021-07-08,3261032,3146028,9,173282,395007
2021-07-09,1597895,1537597,21,66246,184442
2021-07-10,2068452,1994065,20,85208,239963
2021-07-11,1175563,1135963,11,42953,110142
2021-07-12,2776748,2669513,16,149132,356052
2021-07-13,3045522,2927127,14,159826,394927
2021-07-14,3020537,2902696,0,161725,391412
2021-07-15,3207990,3096949,3,171124,350915
2021-07-16,3337829,3211460,32,179240,421152
2021-07-17,2238661,2157876,16,99647,256062
2021-07-18,1158147,1117974,17,49764,100764
2021-07-19,2900423,2785468,25,154977,394590
2021-07-20,3097377,2974444,9,170262,406869
2021-07-21,2990081,2869132,15,163348,402498
2021-07-22,3012296,2892426,20,166297,402572
2021-07-23,3150363,3026125,30,174434,425945
2021-07-24,2206932,2129834,13,98443,244363
2021-07-25,1156965,1118776,19,49251,98081
2021-07-26,2955064,2835807,22,160881,405441
2021-07-27,2927378,2807555,22,163457,400839
2021-07-28,2927384,2808652,28,168254,390993
2021-07-29,2980791,2860296,22,167747,395228
2021-07-30,3148605,3024606,20,175676,420587
2021-07-31,2302397,2222593,20,106787,235031
2021-08-01,1349834,1305327,19,59230,101805
2021-08-02,3328450,3197936,18,174196,426978
2021-08-03,3415064,3281933,18,179736,426733
2021-08-04,3473050,3336481,21,185511,433258
2021-08-05,3502123,3362403,10,200968,443743
2021-08-06,3670487,3528023,23,198829,481247
2021-08-07,2550366,2449322,18,137083,311902
2021-08-08,1053617,1019671,11,44213,88373
2021-08-09,3078460,2955032,6,174849,384857
2021-08-10,3572692,3431668,11,197161,445384
2021-08-11,3633149,3488194,18,202278,456462
2021-08-12,3650344,3502370,25,204858,464052
2021-08-13,3771020,3619398,19,213149,490967
2021-08-14,2575127,2479992,30,124050,289687
2021-08-15,1481049,1427458,13,71863,129291
2021-08-16,1512335,1452338,12,70525,158881
2021-08-17,3665643,3513830,15,208159,472302
2021-08-18,3696415,3537915,23,233432,490569
2021-08-19,3503383,3356610,22,209337,439143
2021-08-20,3855203,3697212,20,223827,496994
2021-08-21,2431910,2338776,15,120183,282648
2021-08-22,1441545,1386052,17,67608,133887
2021-08-23,3589701,3438161,16,208250,463237
2021-08-24,3699289,3542272,20,217131,472895
2021-08-25,3697180,3540316,23,217045,479257
2021-08-26,3715837,3556375,15,220952,481229
2021-08-27,3818583,3657575,13,234405,501691
2021-08-28,2499571,2401536,23,125893,295343
2021-08-29,1466813,1410576,8,68810,138216
2021-08-30,3698993,3544490,12,212817,478041
2021-08-31,3775931,3615003,16,221962,483714
2021-09-01,3462037,3316566,13,217848,428129
2021-09-02,3491760,3339061,15,222979,439280
2021-09-03,3974243,3806349,17,246492,522345
2021-09-04,2519694,2420710,19,130307,294281
2021-09-05,1453160,1397586,7,71375,133305
2021-09-06,3944841,3777366,15,232645,508905
2021-09-07,3414330,3270192,18,221971,409443
2021-09-08,3177392,3037916,19,216660,390519
2021-09-09,3756274,3594602,24,245232,468259
2021-09-10,4036409,3863345,19,260434,521228
2021-09-11,2579515,2471778,19,135510,313290
2021-09-12,422209,408025,10,279,17590
2021-09-13,3767458,3600419,11,234512,498372
2021-09-14,4093845,3915474,20,250501,519540
2021-09-15,4147314,3972171,29,255646,508756
2021-09-16,4112040,3938032,22,259502,527072
2021-09-17,4234498,4048868,20,273867,552857
2021-09-18,2723037,2607386,24,149333,335926
2021-09-19,1523081,1462803,17,80625,139295
2021-09-20,3943942,3769917,13,248709,505248
2021-09-21,3761883,3579539,22,269642,531497
2021-09-22,4063628,3884321,18,259683,510057
2021-09-23,4113948,3928979,11,267251,525224
2021-09-24,4235212,4045896,17,280384,562076
2021-09-25,2697470,2584567,32,146869,330635
2021-09-26,1606638,1540159,18,85774,155027
2021-09-27,3859850,3685923,15,245803,512390
2021-09-28,4008755,3827697,18,261882,518719
2021-09-29,4166150,3974784,25,269171,549041
2021-09-30,3754787,3580752,17,262088,487980
2021-10-01,4339654,4143846,26,289493,576040
2021-10-02,2551774,2442311,12,145504,310663
2021-10-03,1546172,1480280,9,86137,142826
2021-10-04,4205690,4011852,17,269127,558971
2021-10-05,4372139,4168240,17,290767,578586
2021-10-06,4367765,4159032,23,298100,587164
2021-10-07,4130552,3918494,27,319955,602417
2021-10-08,2437338,2321266,3,143453,317050
2021-10-09,2680981,2553800,2,164637,353930
2021-10-10,1576219,1505234,0,99841,152227
2021-10-11,1575548,1504595,3,88025,178640
2021-10-12,4297346,4092475,4,292410,581772
2021-10-13,4201375,3999167,30,294221,562798
2021-10-14,4367109,4156528,22,316869,572336
2021-10-15,4543522,4330261,24,315842,609817
2021-10-16,2987008,2851709,22,174811,381779
2021-10-17,1662955,1587035,12,103287,167234
2021-10-18,4211970,4000356,20,309959,579377
2021-10-19,4382977,4173737,19,298746,572566
2021-10-20,4403309,4189661,29,307427,587768
2021-10-21,4412179,4200234,22,310240,582827
2021-10-22,4378160,4172675,30,310427,582994
2021-10-23,2731944,2606422,29,173477,335545
2021-10-24,1677225,1603425,12,97394,163821
2021-10-25,4282138,4074830,14,291946,581841
2021-10-26,4375380,4162945,21,307927,584143
2021-10-27,4354590,4148931,21,304129,576890
2021-10-28,4323906,4111122,17,317026,575956
2021-10-29,4456189,4256149,28,314795,574513
2021-10-30,2822565,2707349,15,144552,350426
2021-10-31,1583327,1518180,21,89666,145383
2021-11-01,4240099,4031783,10,300682,565024
2021-11-02,4136149,3926421,20,309844,562680
2021-11-03,4426053,4209160,18,322172,588284
2021-11-04,4477346,4251669,24,337550,606689
2021-11-05,4547390,4325575,26,338891,631676
2021-11-06,3041174,2881008,21,239353,407178
2021-11-07,1757655,1680961,21,103695,171287
2021-11-08,4424030,4202660,18,317154,614278
2021-11-09,4550153,4323863,25,327114,619666
2021-11-10,4626285,4396719,23,335651,631559
2021-11-11,4615404,4386633,26,341669,616399
2021-11-12,4674081,4449932,25,340139,645093
2021-11-13,2837377,2701925,27,178100,383206
2021-11-14,374183,360601,7,141,16687
2021-11-15,4292368,4078029,16,313036,611706
2021-11-16,4350561,4134478,23,318363,589741
2021-11-17,4613062,4375946,20,362093,633734
2021-11-18,4584613,4356941,26,348574,617957
2021-11-19,4667356,4439422,18,346136,650961
2021-11-20,2687111,2547250,34,189633,354606
2021-11-21,1661886,1587888,11,104218,165475
2021-11-22,1665131,1588577,13,99342,190898
2021-11-23,4528673,4293687,18,363670,644897
2021-11-24,4506445,4277320,28,341655,622462
2021-11-25,4183288,3967424,15,343658,570778
2021-11-26,4566274,4336383,24,353412,648501
2021-11-27,2837532,2701394,19,186463,373354
2021-11-28,1205005,1157671,8,70892,103653
2021-11-29,4299253,4081748,25,320101,611559
2021-11-30,4472481,4244795,22,337104,630922
2021-12-01,4493554,4260040,19,347977,641302
2021-12-02,4464233,4224057,25,366887,642078
2021-12-03,4557225,4322775,18,360945,658771
2021-12-04,2937325,2783409,24,235557,400581
2021-12-05,1607101,1530244,18,107096,155930
2021-12-06,4297934,4061446,16,353028,654644
2021-12-07,4477621,4225724,17,394944,692852
2021-12-08,2152751,2046056,15,140925,264707
2021-12-09,4351132,4103100,19,386583,674081
2021-12-10,3740999,3466942,19,399482,436463
2021-12-11,2971750,2833688,27,228419,348074
2021-12-12,1599991,1533964,13,100681,114601
2021-12-13,4148513,3911966,23,358347,645324
2021-12-14,4224361,3984877,24,362964,642447
2021-12-15,4273341,4035182,20,372564,634405
2021-12-16,4289760,4058579,27,377961,599522
2021-12-17,4375949,4136288,27,385809,657180
2021-12-18,3126588,2969006,17,236920,422704
2021-12-19,1837960,1750981,13,129005,176700
2021-12-20,4084801,3840190,26,406706,683756
2021-12-21,4152430,3912352,25,377931,660251
2021-12-22,4177217,3944653,31,372186,646456
2021-12-23,4015879,3799586,27,340131,615736
2021-12-24,2361746,2251401,22,144439,306688
2021-12-25,829819,791732,5,48631,72902
2021-12-26,1337930,1279156,13,84295,124266
2021-12-27,3334777,3150861,14,274014,539808
2021-12-28,3389526,3208839,22,275212,522128
2021-12-29,3377837,3208400,14,262208,519454
2021-12-30,3302517,3139389,18,250374,499239
2021-12-31,2001925,1914160,17,113829,250405
2022-01-01,686680,656539,11,38801,58538
2022-01-02,1244845,1192915,7,74607,106866
2022-01-03,2919768,2770722,22,221727,446655
2022-01-04,3002950,2850889,19,224616,456131
2022-01-05,3149103,2994391,16,235145,459836
2022-01-06,3023470,2872877,25,226395,428574
2022-01-07,3050503,2903899,27,223874,437453
2022-01-08,2153737,2061984,18,130171,247946
2022-01-09,1260709,1208736,15,72929,106922
2022-01-10,2841223,2705668,17,212181,383158
2022-01-11,2703575,2587050,17,195432,338363
2022-01-12,2820587,2685227,5,210150,374689
2022-01-13,2728708,2603157,1,204951,348404
2022-01-14,2719513,2602461,14,196317,337539
2022-01-15,1889928,1814207,19,112093,187017
2022-01-16,1145138,1101305,11,66025,76550
2022-01-17,2846616,2707111,16,216389,385826
2022-01-18,2797219,2658184,8,220233,388331
2022-01-19,2923942,2783125,19,228972,387674
2022-01-20,2925973,2787369,28,225751,374990
2022-01-21,3017906,2876609,25,231507,407711
2022-01-22,2032811,1943172,23,129899,221259
2022-01-23,1295764,1243668,14,77819,98774
2022-01-24,3065226,2911082,14,237464,433103
2022-01-25,2943261,2791179,23,233578,431903
2022-01-26,3044508,2888562,18,243888,446512
2022-01-27,3205244,3037633,21,261051,470751
2022-01-28,3325925,3171692,13,241483,491062
2022-01-29,2412875,2298771,11,159658,303189
2022-01-30,1470243,1403981,17,92842,138940
2022-01-31,3220233,3047889,17,255883,486692
2022-02-01,3363026,3173935,17,287339,516745
2022-02-02,3372975,3188986,17,282464,510653
2022-02-03,3137503,2967989,20,272769,446721
2022-02-04,3605080,3418848,21,294881,536708
2022-02-05,2489923,2373456,16,169009,301385
2022-02-06,1539905,1467135,16,100627,149915
2022-02-07,3563058,3367545,26,296678,539341
2022-02-08,3653268,3441926,24,342557,581490
2022-02-09,3677822,3472867,23,310952,568608
2022-02-10,3686486,3479922,26,318125,560009
2022-02-11,3638893,3443976,24,308291,549914
2022-02-12,2632716,2505921,21,183390,326521
2022-02-13,1644679,1566352,10,109715,155814
2022-02-14,3820284,3608203,24,317198,584725
2022-02-15,3778851,3560561,21,340765,590773
2022-02-16,3755685,3556066,28,322572,479218
2022-02-17,3821322,3608032,23,331928,565321
2022-02-18,3931059,3716331,13,334942,596124
2022-02-19,2693574,2563507,20,186145,340949
2022-02-20,1367575,1308785,11,87447,119235
2022-02-21,3829599,3612704,21,323734,589173
2022-02-22,3914608,3693213,21,332657,587401
2022-02-23,3938998,3715547,22,342456,591621
2022-02-24,3569738,3369384,13,322869,512990
2022-02-25,4130786,3905127,24,353127,623576
2022-02-26,2573231,2448836,22,177220,320783
2022-02-27,1316002,1255071,10,91095,109584
2022-02-28,1888073,1787983,19,133870,232367
2022-03-01,1946775,1846919,17,130380,237655
2022-03-02,4396788,4164935,25,344290,603778
2022-03-03,4444995,4204549,24,366979,609144
2022-03-04,4468364,4239957,29,364272,616922
2022-03-05,2718216,2588549,15,188822,338141
2022-03-06,1679602,1597071,10,117501,162186
2022-03-07,4397501,4166232,22,350903,591810
2022-03-08,4434891,4187763,26,433998,543644
2022-03-09,4107975,3884914,14,358191,546359
2022-03-10,4746063,4479954,20,430246,671745
2022-03-11,4811681,4563360,26,394713,666574
2022-03-12,3011355,2858293,26,220117,406663
2022-03-13,1797850,1707298,18,127427,182974
2022-03-14,4764050,4506683,18,397017,660293
2022-03-15,4814754,4535586,23,440855,679040
2022-03-16,4896506,4611039,27,463740,692528
2022-03-17,4852131,4571035,28,450774,679236
2022-03-18,4561610,4304026,23,421887,652947
2022-03-19,3046164,2883591,30,229756,428942
2022-03-20,1758913,1666595,17,127797,189328
2022-03-21,4822029,4555948,23,422604,680544
2022-03-22,4865000,4583455,18,445258,686215
2022-03-23,4980455,4694400,15,460119,707806
2022-03-24,1931408,1787621,19,228911,258969
2022-03-25,4634246,4379250,25,428442,660081
2022-03-26,2920366,2763268,34,225618,407064
2022-03-27,1787664,1696302,20,130339,179118
2022-03-28,4978674,4699253,19,438293,709992
2022-03-29,4722054,4529001,16,399417,337611
2022-03-30,4964247,4671514,20,483385,727468
2022-03-31,5038845,4728949,22,513033,737408
2022-04-01,5095361,4808958,37,485441,735475
2022-04-02,2624956,2472574,22,215650,343353
2022-04-03,1692337,1606101,14,122284,175796
2022-04-04,5044242,4755685,26,458049,722704
2022-04-05,5203558,4904023,22,477807,741162
2022-04-06,5205328,4901197,25,486527,750286
2022-04-07,5085534,4779978,0,493431,748035
2022-04-08,5252108,4953926,0,503220,767521
2022-04-09,3224635,3046337,0,264438,462775
2022-04-10,1826029,1728510,0,140659,185638
2022-04-11,4909209,4621763,0,461565,708724
2022-04-12,5232102,4926373,13,495443,752482
2022-04-13,5297025,4985598,31,519439,785310
2022-04-14,3119371,2942567,29,248021,503288
2022-04-15,1873330,1759025,13,155025,239874
2022-04-16,2739531,2588219,18,209514,388232
2022-04-17,1707334,1621118,13,121160,177320
2022-04-18,5056479,4770407,22,448673,717470
2022-04-19,5178027,4875612,30,482194,741622
2022-04-20,5201707,4904832,23,474643,728988
2022-04-21,5159728,4857293,24,483266,733953
2022-04-22,4991008,4712260,20,459338,715115
2022-04-23,3166030,2987203,32,254754,456608
2022-04-24,1824839,1731650,15,132339,181979
2022-04-25,4750161,4477802,27,438692,650816
2022-04-26,4364613,4074676,21,462656,704528
2022-04-27,4962471,4683640,15,479311,642192
2022-04-28,5152492,4860086,25,477877,734231
2022-04-29,5234071,4941491,28,481066,756914
2022-04-30,3084998,2914429,22,248732,442201
2022-05-01,1492985,1401541,16,135391,176035
2022-05-02,4982603,4690861,26,463105,723225
2022-05-03,5079241,4779569,21,478583,730472
2022-05-04,5221299,4920804,23,482569,739560
2022-05-05,5282684,4980997,27,489522,763360
2022-05-06,5332320,5039288,25,487689,775443
2022-05-07,3339368,3158289,31,274500,479505
2022-05-08,1947843,1849819,21,145292,192301
2022-05-09,5188998,4894357,23,469280,744354
2022-05-10,5224767,4926119,21,484754,739362
2022-05-11,5254667,4950227,24,495010,752818
2022-05-12,5130032,4819314,26,532797,762862
2022-05-13,5232985,4937463,22,490432,775737
2022-05-14,3212157,3046248,33,223288,465044
2022-05-15,1807372,1709046,17,145382,193248
2022-05-16,4924941,4641609,33,465008,709627
2022-05-17,4130024,3839497,24,484722,714886
2022-05-18,858227,811686,3,59514,89990
2022-05-19,5197325,4894728,23,500187,758784
2022-05-20,5267013,4977701,35,485641,770876
2022-05-21,3211204,3033288,29,253451,475426
2022-05-22,1798597,1706594,9,132148,184453
2022-05-23,5172454,4879912,24,463603,746058
2022-05-24,5153830,4855783,30,499140,758525
2022-05-25,1482108,1394583,9,131580,162186
2022-05-26,5095070,4794578,26,511857,754664
2022-05-27,5137509,4849728,30,482411,758321
2022-05-28,3007474,2850217,19,238353,413145
2022-05-29,1670796,1582790,19,133002,163574
2022-05-30,4946729,4654436,15,469612,713118
2022-05-31,4991549,4708276,26,474327,719112
2022-06-01,4963215,4672481,24,480230,706524
2022-06-02,5066378,4773487,20,493247,710773
2022-06-03,5111408,4847943,28,532459,508360
2022-06-04,3171962,3001475,16,253590,448918
2022-06-05,1724966,1652849,6,119879,100562
2022-06-06,5032364,4738703,21,475341,737795
2022-06-07,4940710,4641817,15,494148,735673
2022-06-08,5107870,4800465,0,510202,747372
2022-06-09,5148445,4835844,15,538489,765912
2022-06-10,5166491,4878231,32,496749,754334
2022-06-11,3159122,2987115,19,261223,429559
2022-06-12,1813571,1721049,17,137990,179148
2022-06-13,5071313,4776482,21,486152,740519
2022-06-14,5251751,4948592,22,500701,751269
2022-06-15,5319406,5015488,28,507099,743249
2022-06-16,5356004,5033406,33,577508,783566
2022-06-17,2481450,2335301,22,210973,319741
2022-06-18,3040265,2876869,13,238639,409818
2022-06-19,1727680,1641784,18,133627,167713
2022-06-20,1731739,1634425,9,139934,206806
2022-06-21,5162641,4858853,22,491212,746298
2022-06-22,4995516,4699053,17,486961,719139
2022-06-23,5040360,4738405,19,499621,726711
2022-06-24,5069708,4779799,24,494005,751862
2022-06-25,3056087,2892560,12,254483,407117
2022-06-26,1655196,1570374,9,129359,168641
2022-06-27,4662907,4392488,20,440635,681939
2022-06-28,5005683,4707137,24,484256,724861
2022-06-29,5153756,4851671,8,491866,733505
2022-06-30,5174285,4871102,19,497330,737091
2022-07-01,5029196,4742201,25,491003,732946
2022-07-02,3181303,3011542,14,265562,427605
2022-07-03,1805991,1713315,9,137958,172817
2022-07-04,4968700,4681993,15,461979,708765
2022-07-05,5165877,4868428,18,482018,729026
2022-07-06,4962045,4668278,19,486243,718262
2022-07-07,5168289,4867195,18,505396,737656
2022-07-08,5165479,4874299,32,494402,749522
2022-07-09,2577187,2412959,20,247716,328625
2022-07-10,1733574,1642012,0,137205,169447
2022-07-11,4663517,4379861,0,464382,689984
2022-07-12,4920118,4621954,0,489499,722111
2022-07-13,4962192,4660458,16,496331,730297
2022-07-14,4901262,4589874,29,540650,748366
2022-07-15,4709477,4424114,22,484863,721232
2022-07-16,2888720,2727464,20,255116,398801
2022-07-17,1862197,1759630,18,162893,179999
2022-07-18,4047269,3784400,15,432479,659756
2022-07-19,4106310,3822384,33,456679,684943
2022-07-20,4349812,4060468,29,470738,709619
2022-07-21,4078871,3800018,27,459219,687774
2022-07-22,4210789,3938171,13,454140,706083
2022-07-23,2897788,2738584,20,248958,401084
2022-07-24,1696524,1607682,15,139016,159913
2022-07-25,3446911,3222558,11,377483,553512
2022-07-26,4049349,3785176,22,434239,642402
2022-07-27,3841847,3595749,27,412428,595195
2022-07-28,4103988,3825447,23,488596,685530
2022-07-29,4401697,4134599,28,450640,710941
2022-07-30,3135463,2958737,33,272441,439526
2022-07-31,1926655,1826177,14,160519,186218
2022-08-01,4702853,4393369,24,442263,698095
2022-08-02,4690397,4373309,20,456089,694081
2022-08-03,4734841,4406276,20,469656,702871
2022-08-04,4782093,4458148,19,482209,704937
2022-08-05,5013424,4686499,24,485903,720119
2022-08-06,3012485,2798999,15,267421,447787
2022-08-07,1816482,1696045,17,167361,201414
2022-08-08,4872149,4542672,27,479927,734651
2022-08-09,4895249,4562997,19,493409,724964
2022-08-10,4713417,4357453,17,548467,767056
2022-08-11,5044924,4686016,28,531765,752881
2022-08-12,5035880,4693373,38,507860,753771
2022-08-13,3057914,2842478,27,270382,453200
2022-08-14,1888566,1751397,32,182521,210313
2022-08-15,1583161,1487585,15,131215,105545
2022-08-16,5111256,4765181,16,512079,748979
2022-08-17,4914047,4585690,23,512788,693401
2022-08-18,5063520,4734465,22,525195,655963
2022-08-19,5084713,4725327,21,528379,773015
2022-08-20,3049537,2844362,22,270427,375570
2022-08-21,1816398,1707767,16,144886,143672
2022-08-22,4794360,4632811,23,4766,695262
2022-08-23,4999545,4642243,15,516302,753567
2022-08-24,5004969,4700378,35,523450,442688
2022-08-25,5005168,4652971,27,517248,748537
2022-08-26,5056516,4700830,22,518583,774746
2022-08-27,2786275,2581565,30,255799,396232
2022-08-28,1713359,1601590,15,144141,177215
2022-08-29,4915569,4570179,25,499304,745615
2022-08-30,5017445,4661315,18,520678,756236
2022-08-31,5034296,4679527,18,517805,754500
2022-09-01,4919920,4605709,29,515070,725595
2022-09-02,3134128,2912825,20,337203,394122
2022-09-03,3248899,3060262,25,268644,460512
2022-09-04,1942696,1836244,19,156578,187486
2022-09-05,5290183,4967998,21,509190,766851
2022-09-06,5377265,5044653,33,534484,780629
2022-09-07,5333321,5002423,17,539042,776082
2022-09-08,5211339,4883932,27,547142,768582
2022-09-09,5254184,4943170,0,525741,769265
2022-09-10,3307908,3118506,9,278679,467560
2022-09-11,1878177,1778068,16,149890,186600
2022-09-12,5185967,4868802,15,507928,758276
2022-09-13,5231681,4901123,16,533069,776037
2022-09-14,5361445,5034583,18,538509,758435
2022-09-15,5356582,5023018,24,545452,777010
2022-09-16,5362738,5045193,24,526242,797897
2022-09-17,3285215,3094315,43,275709,478402
2022-09-18,1854158,1751293,25,149951,194770
2022-09-19,5075549,4763385,24,499109,744939
2022-09-20,5230883,4929367,20,504193,759709
2022-09-21,4547603,4248343,24,470059,718401
2022-09-22,5154832,4835693,29,532658,754089
2022-09-23,5269858,4959213,30,515339,786150
2022-09-24,3279249,3095691,45,264383,455471
2022-09-25,1909420,1813648,27,141127,178384
2022-09-26,4934320,4636051,22,469582,722160
2022-09-27,5008452,4688614,30,521367,757332
2022-09-28,5197415,4866666,24,547257,780246
2022-09-29,5153577,4829183,26,542920,770844
2022-09-30,5212808,4896422,27,524621,786675
2022-10-01,3258160,3071246,40,272445,466538
2022-10-02,1943325,1839344,35,160235,187903
2022-10-03,5208894,4891648,13,508319,763676
2022-10-04,5289943,4968706,24,520837,764692
2022-10-05,5336518,5017004,26,521440,780400
2022-10-06,5384807,5052501,43,553331,808057
2022-10-07,2786276,2631104,29,222537,367032
2022-10-08,2781724,2638044,44,200826,367122
2022-10-09,1938916,1836761,39,151307,208605
2022-10-10,1958335,1848366,27,148234,238923
2022-10-11,5362315,5044677,22,512020,774173
2022-10-12,4538258,4221813,28,522061,775361
2022-10-13,4544753,4225607,26,528563,763149
2022-10-14,5410721,5097803,25,523745,795344
2022-10-15,3169958,3002687,25,245202,435699
2022-10-16,1883403,1789243,18,141553,185408
2022-10-17,5078714,4767758,30,512311,742438
2022-10-18,5240472,4922250,26,521218,751674
2022-10-19,5245097,4924978,28,524726,762791
2022-10-20,5164828,4848555,31,520297,748676
2022-10-21,5323090,5015939,31,515152,783507
2022-10-22,3080545,2924092,32,218801,425552
2022-10-23,1911769,1811873,27,152864,196765
2022-10-24,5229501,4922196,30,495583,750101
2022-10-25,5249859,4928403,26,530740,764163
2022-10-26,4894105,4588658,24,510366,706174
2022-10-27,5244261,4917026,28,550533,778059
2022-10-28,5342141,5036329,36,536238,766662
2022-10-29,3220080,3042660,38,274653,454664
2022-10-30,1580117,1498582,18,128656,155591
2022-10-31,5108484,4798915,28,499170,751817
2022-11-01,5330863,5007047,22,534409,768572
2022-11-02,5269242,4942148,22,539076,779819
2022-11-03,5352517,5022908,27,549115,780221
2022-11-04,5466723,5155628,57,537014,804672
2022-11-05,3473717,3255103,30,353651,510639
2022-11-06,2006149,1905558,23,156319,195082
2022-11-07,5257831,4943315,27,514931,766919
2022-11-08,5057179,4873854,36,434362,193947
2022-11-09,5422217,5096483,33,536845,790584
2022-11-10,5321718,4987497,29,578424,794131
2022-11-11,5362046,5058388,40,521085,788248
2022-11-12,3264741,3082668,40,275525,471156
2022-11-13,1745273,1662217,23,135092,154579
2022-11-14,4956770,4669294,29,482699,698402
2022-11-15,5377952,5059091,30,533630,776670
2022-11-16,5316181,5013339,30,509733,745802
2022-11-17,5193105,4889079,33,535908,747847
2022-11-18,5303745,5017046,37,520649,749265
2022-11-19,3271303,3107449,36,261098,452334
2022-11-20,1710282,1633292,17,129969,143036
2022-11-21,1803404,1721167,16,133992,175990
2022-11-22,4798843,4507774,28,490467,696286
2022-11-23,5303100,5002240,39,500488,755076
2022-11-24,5214545,4906074,29,524654,744368
2022-11-25,5211183,4912277,43,516363,779010
2022-11-26,2943662,2793325,42,233323,373969
2022-11-27,1820849,1733572,23,136171,168914
2022-11-28,4977830,4688398,37,477326,717846
2022-11-29,5033498,4759016,30,465790,726151
2022-11-30,4501930,4235486,24,437479,639516
2022-12-01,4902412,4611886,30,495877,705632
2022-12-02,5179403,4878098,41,535802,789544
2022-12-03,3055598,2887477,21,258676,406752
2022-12-04,1883433,1796332,52,141325,169983
2022-12-05,4857347,4589247,32,448227,693945
2022-12-06,4867032,4572699,33,515610,728167
2022-12-07,5027178,4733128,41,527296,750562
2022-12-08,2435632,2327658,40,187269,227032
2022-12-09,2051200,1956190,17,157127,185378
2022-12-10,2929789,2788419,39,226351,366475
2022-12-11,1733086,1659758,20,125298,140717
2022-12-12,4860493,4585703,29,481440,685933
2022-12-13,4339955,4074822,27,446265,595339
2022-12-14,4854983,4566953,41,490780,714255
2022-12-15,4891436,4599932,30,505864,722516
2022-12-16,5066855,4759985,38,542115,771967
2022-12-17,3444134,3265668,28,284984,462364
2022-12-18,895551,796670,12,88677,92203
2022-12-19,4323598,4064865,33,427553,629972
2022-12-20,2616388,2479318,30,145911,270149
2022-12-21,4911533,4610475,41,521584,749419
2022-12-22,4881939,4575854,40,544542,769898
2022-12-23,4301850,4061482,35,400712,677339
2022-12-24,2348265,2235811,14,151850,268232
2022-12-25,946289,895768,18,67342,83746
2022-12-26,3845581,3603952,42,381116,634407
2022-12-27,4096768,3840672,30,415875,663815
2022-12-28,4145003,3888922,33,418568,670516
2022-12-29,4113155,3867860,33,407751,653100
2022-12-30,3701365,3504916,27,318846,581161
2022-12-31,2075519,1975332,19,132941,242554
2023-01-01,781040,739766,18,56250,66891
2023-01-02,3319578,3109335,28,323851,546840
2023-01-03,3686641,3454263,36,364805,595350
2023-01-04,3778319,3539821,27,378812,606177
2023-01-05,3904623,3666023,32,380715,621519
2023-01-06,3883463,3657885,31,365461,620497
2023-01-07,2757070,2619867,37,197293,371553
2023-01-08,1678442,1607258,20,106474,150349
2023-01-09,3693043,3466548,21,359221,603046
2023-01-10,3755020,3518468,23,374551,607406
2023-01-11,3789713,3551563,33,377175,615546
2023-01-12,3831572,3592659,32,382213,612644
2023-01-13,3926417,3700949,45,370960,620037
2023-01-14,2784416,2646082,31,201601,368413
2023-01-15,1666211,1599156,23,104989,133827
2023-01-16,3616320,3405308,22,349095,555039
2023-01-17,3678694,3462819,26,364048,545811
2023-01-18,3804923,3578389,36,374819,577927
2023-01-19,3752853,3529859,34,374779,572962
2023-01-20,3678295,3471867,40,351954,558861
2023-01-21,2726093,2600069,19,197777,327660
2023-01-22,1698773,1630694,10,118438,129421
2023-01-23,3686676,3469200,21,359053,567061
2023-01-24,3730675,3504807,18,380046,570393
2023-01-25,3804847,3574675,28,396402,597949
2023-01-26,3722137,3497964,31,377151,579176
2023-01-27,3507082,3316891,38,335641,518683
2023-01-28,2745470,2613327,26,198583,349824
2023-01-29,1700083,1628142,17,113132,141325
2023-01-30,3785643,3556110,23,371639,599501
2023-01-31,3821831,3587213,29,385875,605200
2023-02-01,3973910,3721075,28,416833,635042
2023-02-02,3799206,3560493,28,402050,591851
2023-02-03,4019873,3784432,28,403431,625203
2023-02-04,2970835,2823682,33,221321,385841
2023-02-05,1782693,1707563,17,120756,144351
2023-02-06,3969889,3726335,26,402001,618551
2023-02-07,3997633,3746908,39,422363,627269
2023-02-08,4067517,3814739,20,424829,628860
2023-02-09,4073628,3822357,29,432884,622014
2023-02-10,4100962,3867015,29,406660,622816
2023-02-11,2753979,2628706,24,200479,332173
2023-02-12,1606696,1539648,18,110226,121387
2023-02-13,3995529,3758711,24,397458,587361
2023-02-14,4332505,4147529,28,342268,637842
2023-02-15,4370546,4111596,18,441763,652727
2023-02-16,4177218,3922862,28,443128,620154
2023-02-17,4225818,3988461,28,411832,617632
2023-02-18,2936091,2802098,38,212454,336100
2023-02-19,1840497,1760176,26,126558,151993
2023-02-20,1966690,1876535,35,137442,195683
2023-02-21,1989970,1896641,16,140818,193064
2023-02-22,4401428,4141160,29,433087,659554
2023-02-23,4315890,4055614,27,436033,645619
2023-02-24,4457681,4203410,28,434050,666619
2023-02-25,2955080,2809757,26,220022,377499
2023-02-26,1795542,1714228,19,124301,148887
2023-02-27,4292241,3997102,22,456666,675605
2023-02-28,4583677,4312012,21,452475,669639
2023-03-01,4677861,4446816,22,419876,582824
2023-03-02,4724418,4467079,27,443774,603463
2023-03-03,4816789,4562761,34,438944,644580
2023-03-04,3062897,2918356,29,225774,371446
2023-03-05,1825845,1747076,27,126951,139602
2023-03-06,4969583,4702459,28,446140,639525
2023-03-07,5044669,4768240,28,469805,669011
2023-03-08,4715272,4439531,21,499845,631516
2023-03-09,5086740,4808066,25,477097,669848
2023-03-10,5060574,4801722,33,456418,668718
2023-03-11,2980628,2842613,27,218452,353524
2023-03-12,1734187,1661506,19,118648,130720
2023-03-13,4910121,4632460,30,482538,658312
2023-03-14,4870248,4592336,31,490880,648869
2023-03-15,5054754,4773308,31,499907,653560
2023-03-16,5228773,4936719,29,511451,680891
2023-03-17,4998605,4703456,48,505640,709461
2023-03-18,3239565,3082307,43,243707,402014
2023-03-19,1814977,1731831,23,125401,158121
2023-03-20,5226585,4935991,30,494468,682635
2023-03-21,5419525,5115608,29,534042,714711
2023-03-22,5453337,5155495,37,525235,708454
2023-03-23,5418953,5115840,39,530121,725378
2023-03-24,2576466,2417481,28,265424,286711
2023-03-25,2948194,2827983,34,178298,329424
2023-03-26,1906765,1830244,31,110853,160853
2023-03-27,5435846,5144253,25,503384,706246
2023-03-28,5481336,5180116,34,518770,704710
2023-03-29,5374608,5084335,40,504276,685823
2023-03-30,5417001,5114564,21,532136,706803
2023-03-31,5486121,5205583,41,505977,714531
2023-04-01,3325173,3164522,22,251577,389285
2023-04-02,1772437,1693304,32,121673,139138
2023-04-03,4656425,4309954,21,536446,692514
2023-04-04,5446944,5134356,27,535330,701807
2023-04-05,5723314,5415482,39,544178,757777
2023-04-06,3390403,3236455,62,213883,480786
2023-04-07,2086765,1992484,30,133605,209194
2023-04-08,3036466,2913231,30,174489,346025
2023-04-09,1883749,1810664,26,105167,152506
2023-04-10,5557417,5281421,40,475885,712095
2023-04-11,5597205,5295395,36,529093,716162
2023-04-12,5227324,4931406,35,505463,690411
2023-04-13,5482233,5163158,42,557011,732908
2023-04-14,5620887,5347180,38,496903,705383
2023-04-15,3390239,3229583,35,251560,410928
2023-04-16,1802448,1724216,15,122465,139894
2023-04-17,5500213,5206672,37,508741,697153
2023-04-18,5400316,5100314,28,517545,663223
2023-04-19,5242336,4945504,38,508861,651806
2023-04-20,5670823,5368890,49,543016,709857
2023-04-21,5636552,5352082,44,510013,713795
2023-04-22,3432340,3271955,32,248086,410890
2023-04-23,1943265,1859375,30,132200,150705
2023-04-24,5512302,5221927,30,503099,697930
2023-04-25,5246892,4953560,21,517411,665628
2023-04-26,5471042,5177619,24,524778,694007
2023-04-27,5661059,5357489,46,535503,714892
2023-04-28,5617377,5333796,37,519070,701609
2023-04-29,3459314,3288623,34,266301,421421
2023-04-30,1732942,1658455,29,123105,123971
2023-05-01,1487365,1400739,23,128099,148940
2023-05-02,5565148,5263390,27,525376,714224
2023-05-03,5578703,5285270,36,518225,706826
2023-05-04,5639949,5349829,28,508450,720482
2023-05-05,5587766,5300473,48,515533,721612
2023-05-06,3136440,2985718,31,241610,357813
2023-05-07,1897762,1809367,26,140081,141387
2023-05-08,5543414,5267563,40,478158,721053
2023-05-09,5662159,5351056,34,540880,749315
2023-05-10,5730693,5444557,28,506253,749876
2023-05-11,5677581,5369823,40,534339,751558
2023-05-12,5688700,5395354,41,516755,764124
2023-05-13,3533820,3360168,25,266440,448484
2023-05-14,2067248,1972674,17,146643,171395
2023-05-15,5525007,5283426,32,415272,726994
2023-05-16,5679389,5379727,26,512406,740751
2023-05-17,5478045,5174215,32,528407,750444
2023-05-18,5518089,5207037,39,565994,774976
2023-05-19,5105840,4837944,53,480118,662892
2023-05-20,3342330,3193109,30,217628,409381
2023-05-21,1713235,1645107,18,102217,129031
2023-05-22,5512440,5223907,44,498929,733383
2023-05-23,5656122,5399380,40,457687,739934
2023-05-24,4904939,4644007,31,476834,625228
2023-05-25,1948837,1835588,36,179760,207947
2023-05-26,2191079,2088968,24,162177,183978
2023-05-27,2978550,2837972,50,222265,339544
2023-05-28,1836304,1754395,28,125015,146693
2023-05-29,5478221,5201386,39,481739,720068
2023-05-30,5491659,5197651,25,504333,710900
2023-05-31,5547858,5251895,27,513767,723119
2023-06-01,5624800,5325336,30,523805,718544
2023-06-02,5638067,5352485,49,510935,742044
2023-06-03,3497880,3333988,38,276604,369163
2023-06-04,1960309,1878598,29,130389,122120
2023-06-05,5560698,5270370,28,494213,721836
2023-06-06,5608040,5315042,28,509839,728714
2023-06-07,5656329,5355363,23,520690,743815
2023-06-08,5606059,5384366,43,408899,743144
2023-06-09,5470075,5188897,29,499731,742233
2023-06-10,3354095,3191789,20,248809,419213
2023-06-11,1844532,1767672,19,125195,110556
2023-06-12,5413413,5126812,30,488399,717300
2023-06-13,4478399,4193770,19,475664,669749
2023-06-14,5608759,5309752,30,524694,723894
2023-06-15,5404531,5104698,31,521110,724112
2023-06-16,5415411,5128764,39,514551,748670
2023-06-17,3167158,2997646,50,246081,383897
2023-06-18,1822273,1741394,23,129918,135998
2023-06-19,2008646,1906411,27,162093,194524
2023-06-20,1920403,1822405,25,147534,201684
2023-06-21,5327660,5027250,27,527454,730761
2023-06-22,4624322,4332795,31,506617,696170
2023-06-23,5471951,5201133,37,497060,669113
2023-06-24,3278663,3120773,35,244943,398108
2023-06-25,1911816,1828842,17,131567,136745
2023-06-26,5457477,5164343,29,492237,740503
2023-06-27,5280933,4988917,28,485929,720293
2023-06-28,5575950,5270882,37,514399,738509
2023-06-29,5546022,5252830,30,516531,693415
2023-06-30,5627172,5331758,43,507743,754637
2023-07-01,3478979,3305217,31,264097,429380
2023-07-02,1978627,1888852,25,136882,154194
2023-07-03,5479781,5183771,35,482787,731903
2023-07-04,5437122,5129280,48,530543,735615
2023-07-05,5584959,5355760,40,404171,731709
2023-07-06,5359758,5038960,46,533946,736605
2023-07-07,2375984,1730690,55,476974,485194
2023-07-08,3458557,3281829,62,284490,437592
2023-07-09,1852587,1762143,33,142283,141266
2023-07-10,5250363,4953406,62,498713,731440
2023-07-11,5057917,4760539,60,510297,697270
2023-07-12,4304272,4039443,40,469944,587759
2023-07-13,5097183,4801273,47,528987,683601
2023-07-14,5338404,5042448,69,518440,743699
2023-07-15,3391313,3209969,55,280047,429455
2023-07-16,1950144,1848205,28,161476,154761
2023-07-17,4365743,4089956,50,454098,675607
2023-07-18,4450589,4165985,65,473153,684071
2023-07-19,4493664,4253475,53,399625,692609
2023-07-20,4742030,4453262,60,501124,714767
2023-07-21,4609381,4343068,65,467822,697271
2023-07-22,3364157,3188692,14,274229,435237
2023-07-23,2089374,1983492,33,168782,174966
2023-07-24,4374468,4118608,61,425687,644590
2023-07-25,4419034,4143804,53,456088,676337
2023-07-26,4560305,4341640,46,367897,652760
2023-07-27,4676550,4400351,52,464539,692448
2023-07-28,4794256,4524120,73,460000,712511
2023-07-29,3355730,3183129,48,266438,428646
2023-07-30,2083799,1980553,34,159480,180947
2023-07-31,5289401,5007119,45,455230,701464
2023-08-01,5431872,5162742,67,460926,717407
2023-08-02,5555299,5261704,77,488242,718812
2023-08-03,5485415,5240581,41,424530,704547
2023-08-04,5641332,5350627,70,495410,746828
2023-08-05,3640684,3459092,59,276900,456509
2023-08-06,2050980,1960192,46,140648,165879
2023-08-07,5613686,5310753,60,501278,741275
2023-08-08,5719766,5406798,51,524451,753934
2023-08-09,5774116,5463175,65,527449,763507
2023-08-10,5719901,5422113,61,526433,713131
2023-08-11,5699011,5401888,71,529417,763546
2023-08-12,3382279,3212791,50,253353,424530
2023-08-13,566522,551182,15,2427,17153
2023-08-14,5475183,5178274,56,489383,742783
2023-08-15,5797387,5484366,65,522611,768515
2023-08-16,5696029,5396565,60,525568,712649
2023-08-17,4517909,4266272,45,454645,576773
2023-08-18,5491199,5205081,67,520721,731394
2023-08-19,3510953,3336922,55,264837,451096
2023-08-20,2078192,1987309,43,148461,139072
2023-08-21,2030762,1937232,51,141745,153125
2023-08-22,5564343,5253312,88,525190,757359
2023-08-23,5628671,5314292,75,538735,764437
2023-08-24,5775617,5454518,73,557363,779293
2023-08-25,5761678,5455352,93,530937,795297
2023-08-26,3474833,3301966,66,265201,425928
2023-08-27,2068243,1968724,46,152343,170969
2023-08-28,5651867,5345565,88,513988,763247
2023-08-29,5775021,5459300,92,535322,769223
2023-08-30,5780630,5465497,117,531352,773271
2023-08-31,5760062,5448578,132,537085,771736
2023-09-01,5614454,5294490,781,515979,782214
2023-09-02,3037043,2870836,709,246719,333077
2023-09-03,1412105,1339604,288,109262,113054
2023-09-04,5361001,5040548,826,505779,742288
2023-09-05,5644279,5315032,832,530663,763561
2023-09-06,5436150,5116695,858,527133,753256
2023-09-07,4954338,4642852,760,518169,698125
2023-09-08,5682770,5363646,1066,529107,774690
2023-09-09,3460577,3279295,962,271435,382708
2023-09-10,2039820,1933005,661,152746,175501
2023-09-11,4480046,4189161,950,476901,692724
2023-09-13,5822598,5489665,1051,545297,778939
2023-09-14,5808285,5469079,1054,578589,788770
